episode,total_reward
0,-169.75
1,-190.25
2,-188.25
3,-188.0
4,-179.5
5,-186.5
6,-183.5
7,-187.75
8,-183.25
9,-183.0
10,-191.5
11,-190.75
12,-188.5
13,-185.5
14,-180.25
15,-187.25
16,-188.75
17,-190.75
18,-195.0
19,-181.5
20,-190.5
21,-183.5
22,-183.5
23,-157.25
24,-179.25
25,-168.5
26,-192.5
27,-193.0
28,-183.5
29,-165.5
30,-177.5
31,-191.5
32,-153.0
33,-174.5
34,-193.5
35,-170.0
36,-188.5
37,-168.75
38,-160.0
39,-186.5
40,-169.0
41,-168.25
42,-185.5
43,-172.25
44,-194.25
45,-176.75
46,-165.5
47,-194.0
48,-168.25
49,-169.5
50,-163.25
51,-178.25
52,-180.25
53,-182.25
54,-186.25
55,-181.5
56,-171.25
57,-174.75
58,-184.0
59,-174.5
60,-178.5
61,-179.25
62,-173.25
63,-179.0
64,-186.75
65,-180.0
66,-185.5
67,-174.5
68,-172.5
69,-168.75
70,-191.25
71,-175.75
72,-186.75
73,-188.0
74,-189.0
75,-174.75
76,-188.75
77,-164.0
78,-176.0
79,-166.5
80,-164.0
81,-185.75
82,-157.5
83,-177.25
84,-163.75
85,-169.25
86,-179.25
87,-160.25
88,-161.0
89,-173.75
90,-178.0
91,-165.25
92,-164.25
93,-169.25
94,-164.75
95,-167.0
96,-178.0
97,-170.75
98,-170.0
99,-166.75
100,-167.0
101,-156.0
102,-177.25
103,-161.5
104,-186.75
105,-172.0
106,-178.25
107,-171.75
108,-163.75
109,-154.25
110,-156.25
111,-156.25
112,-169.0
113,-177.25
114,-163.5
115,-165.25
116,-155.5
117,-170.5
118,-167.0
119,-166.75
120,-163.0
121,-163.5
122,-158.5
123,-164.25
124,-151.0
125,-173.0
126,-161.25
127,-163.25
128,-170.5
129,-164.0
130,-179.25
131,-157.25
132,-173.25
133,-167.25
134,-162.75
135,-162.75
136,-183.0
137,-159.0
138,-159.5
139,-163.75
140,-164.5
141,-155.0
142,-162.75
143,-170.0
144,-158.5
145,-170.5
146,-166.0
147,-163.5
148,-159.25
149,-146.5
150,-146.25
151,-164.25
152,-160.5
153,-154.5
154,-151.75
155,-150.0
156,-164.5
157,-155.5
158,-153.25
159,-160.25
160,-150.75
161,-147.5
162,-157.5
163,-153.75
164,-140.0
165,-146.0
166,-140.0
167,-138.25
168,-139.25
169,-141.5
170,-135.5
171,-143.0
172,-144.75
173,-137.5
174,-140.75
175,-144.0
176,-145.5
177,-149.0
178,-139.75
179,-142.5
180,-140.5
181,-145.25
182,-155.25
183,-141.75
184,-138.75
185,-143.5
186,-136.0
187,-143.25
188,-148.0
189,-142.5
190,-144.25
191,-135.5
192,-145.5
193,-144.5
194,-137.5
195,-140.75
196,-144.75
197,-149.0
198,-148.0
199,-150.5
200,-147.5
201,-143.25
202,-155.0
203,-141.0
204,-146.25
205,-140.75
206,-140.0
207,-150.75
208,-142.5
209,-140.5
210,-152.0
211,-141.0
212,-141.0
213,-135.25
214,-135.0
215,-138.25
216,-135.25
217,-142.5
218,-140.75
219,-135.75
220,-138.5
221,-135.5
222,-138.5
223,-148.5
224,-141.75
225,-141.75
226,-132.25
227,-135.25
228,-134.25
229,-133.0
230,-137.0
231,-140.5
232,-138.75
233,-142.5
234,-136.25
235,-135.75
236,-135.5
237,-136.5
238,-133.75
239,-135.5
240,-134.5
241,-132.25
242,-135.5
243,-138.25
244,-136.0
245,-142.75
246,-141.25
247,-143.25
248,-136.25
249,-140.25
250,-134.0
251,-137.5
252,-134.5
253,-139.5
254,-134.5
255,-143.25
256,-131.5
257,-139.5
258,-130.5
259,-137.25
260,-131.5
261,-137.5
262,-133.25
263,-130.0
264,-137.25
265,-136.0
266,-133.0
267,-132.5
268,-133.5
269,-131.25
270,-136.0
271,-130.5
272,-138.0
273,-138.0
274,-133.25
275,-136.25
276,-135.25
277,-135.25
278,-135.5
279,-137.5
280,-130.0
281,-132.5
282,-133.25
283,-136.75
284,-135.5
285,-135.5
286,-131.5
287,-132.5
288,-133.0
289,-142.25
290,-132.25
291,-138.5
292,-147.0
293,-132.75
294,-143.5
295,-132.5
296,-134.5
297,-137.75
298,-135.75
299,-131.5
300,-129.25
301,-133.0
302,-132.75
303,-136.5
304,-141.5
305,-133.5
306,-132.0
307,-137.0
308,-142.5
309,-137.75
310,-143.75
311,-143.5
312,-132.5
313,-135.0
314,-135.25
315,-143.5
316,-136.5
317,-144.25
318,-135.5
319,-142.0
320,-130.0
321,-131.75
322,-128.75
323,-131.75
324,-138.5
325,-134.25
326,-144.75
327,-134.75
328,-129.0
329,-131.5
330,-128.5
331,-130.0
332,-137.0
333,-130.5
334,-140.0
335,-129.75
336,-128.25
337,-134.0
338,-131.5
339,-131.5
340,-134.0
341,-130.75
342,-137.0
343,-143.25
344,-133.25
345,-146.25
346,-131.5
347,-143.75
348,-133.75
349,-137.75
350,-132.5
351,-132.25
352,-131.75
353,-139.25
354,-135.75
355,-134.25
356,-127.5
357,-134.25
358,-162.25
359,-141.5
360,-132.5
361,-135.5
362,-134.5
363,-129.5
364,-131.25
365,-129.75
366,-137.75
367,-130.0
368,-137.25
369,-129.0
370,-130.75
371,-132.0
372,-132.0
373,-135.0
374,-131.75
375,-135.75
376,-130.25
377,-133.5
378,-131.5
379,-142.5
380,-136.75
381,-130.25
382,-131.5
383,-130.25
384,-130.0
385,-134.5
386,-130.5
387,-139.75
388,-130.5
389,-131.5
390,-132.75
391,-130.25
392,-131.75
393,-137.75
394,-136.25
395,-134.25
396,-128.25
397,-130.25
398,-131.75
399,-148.25
400,-131.75
401,-132.25
402,-130.5
403,-127.0
404,-140.25
405,-135.75
406,-130.5
407,-131.25
408,-132.75
409,-129.75
410,-129.75
411,-138.5
412,-137.25
413,-131.25
414,-129.25
415,-126.75
416,-130.0
417,-134.75
418,-150.0
419,-136.5
420,-137.25
421,-131.5
422,-139.0
423,-131.5
424,-134.0
425,-136.0
426,-133.75
427,-129.75
428,-134.5
429,-134.25
430,-133.75
431,-133.75
432,-137.0
433,-148.5
434,-135.5
435,-139.75
436,-137.25
437,-134.5
438,-133.0
439,-135.0
440,-128.5
441,-140.0
442,-129.75
443,-140.5
444,-138.75
445,-138.0
446,-132.75
447,-130.75
448,-131.25
449,-128.25
450,-147.0
451,-130.25
452,-130.75
453,-131.5
454,-135.5
455,-140.75
456,-130.75
457,-131.5
458,-128.75
459,-138.25
460,-129.25
461,-130.25
462,-138.25
463,-138.25
464,-138.75
465,-134.0
466,-129.75
467,-130.5
468,-135.0
469,-133.5
470,-139.5
471,-130.25
472,-135.5
473,-131.25
474,-133.5
475,-137.0
476,-129.0
477,-127.0
478,-131.5
479,-140.0
480,-130.0
481,-133.25
482,-128.0
483,-134.75
484,-134.0
485,-133.75
486,-133.25
487,-135.0
488,-138.0
489,-137.25
490,-134.0
491,-140.75
492,-142.75
493,-133.0
494,-129.25
495,-128.0
496,-134.25
497,-130.0
498,-131.0
499,-131.5
